request_id,department,resource_location,start_time,end_time
1000,Telecom,Hinjewadi_Phase_1,2026-03-01 14:00,2026-03-01 19:00
1001,Transport,Main_St_Sector_7,2026-03-01 14:00,2026-03-01 20:00
1002,Telecom,Main_St_Sector_7,2026-03-02 02:00,2026-03-02 06:00
1003,Transport,Aundh_Road_Hwy,2026-03-03 03:00,2026-03-03 11:00
1004,Telecom,Main_St_Sector_7,2026-03-02 14:00,2026-03-02 22:00
1005,Telecom,Main_St_Sector_7,2026-03-01 10:00,2026-03-01 15:00
1006,Water,Hinjewadi_Phase_1,2026-03-02 22:00,2026-03-03 03:00
1007,Telecom,Aundh_Road_Hwy,2026-03-03 04:00,2026-03-03 06:00
1008,Telecom,Main_St_Sector_7,2026-03-02 08:00,2026-03-02 11:00
1009,Telecom,Aundh_Road_Hwy,2026-03-03 04:00,2026-03-03 10:00
1010,Telecom,Aundh_Road_Hwy,2026-03-03 01:00,2026-03-03 08:00
1011,Water,Hinjewadi_Phase_1,2026-03-02 18:00,2026-03-03 01:00
1012,Electricity,Aundh_Road_Hwy,2026-03-03 02:00,2026-03-03 06:00
1013,Electricity,Aundh_Road_Hwy,2026-03-01 08:00,2026-03-01 11:00
1014,Transport,Hinjewadi_Phase_1,2026-03-02 08:00,2026-03-02 13:00
1015,Water,Hinjewadi_Phase_1,2026-03-02 18:00,2026-03-02 22:00
1016,Transport,Punawale_Malwadi,2026-03-01 21:00,2026-03-02 05:00
1017,Transport,Punawale_Malwadi,2026-03-01 15:00,2026-03-01 19:00
1018,Telecom,Aundh_Road_Hwy,2026-03-01 17:00,2026-03-01 22:00
1019,Telecom,Aundh_Road_Hwy,2026-03-01 08:00,2026-03-01 16:00
1020,Electricity,Hinjewadi_Phase_1,2026-03-01 09:00,2026-03-01 14:00
1021,Transport,Aundh_Road_Hwy,2026-03-01 08:00,2026-03-01 16:00
1022,Telecom,Wakad_Chowk,2026-03-01 15:00,2026-03-01 23:00
1023,Water,Hinjewadi_Phase_1,2026-03-02 15:00,2026-03-02 21:00
1024,Electricity,Hinjewadi_Phase_1,2026-03-02 07:00,2026-03-02 15:00
1025,Water,Main_St_Sector_7,2026-03-03 00:00,2026-03-03 04:00
1026,Electricity,Hinjewadi_Phase_1,2026-03-01 18:00,2026-03-01 23:00
1027,Telecom,Hinjewadi_Phase_1,2026-03-02 19:00,2026-03-03 03:00
1028,Telecom,Aundh_Road_Hwy,2026-03-02 05:00,2026-03-02 10:00
1029,Transport,Aundh_Road_Hwy,2026-03-02 02:00,2026-03-02 10:00
1030,Transport,Wakad_Chowk,2026-03-02 14:00,2026-03-02 18:00
1031,Transport,Aundh_Road_Hwy,2026-03-01 18:00,2026-03-02 00:00
1032,Electricity,Punawale_Malwadi,2026-03-03 05:00,2026-03-03 12:00
1033,Telecom,Main_St_Sector_7,2026-03-03 04:00,2026-03-03 11:00
1034,Water,Wakad_Chowk,2026-03-02 05:00,2026-03-02 10:00
1035,Transport,Wakad_Chowk,2026-03-02 17:00,2026-03-02 19:00
1036,Telecom,Aundh_Road_Hwy,2026-03-01 16:00,2026-03-01 18:00
1037,Electricity,Hinjewadi_Phase_1,2026-03-02 11:00,2026-03-02 16:00
1038,Telecom,Aundh_Road_Hwy,2026-03-02 00:00,2026-03-02 07:00
1039,Water,Wakad_Chowk,2026-03-03 03:00,2026-03-03 09:00
1040,Electricity,Hinjewadi_Phase_1,2026-03-02 04:00,2026-03-02 12:00
1041,Water,Hinjewadi_Phase_1,2026-03-01 17:00,2026-03-01 19:00
1042,Electricity,Aundh_Road_Hwy,2026-03-02 18:00,2026-03-03 00:00
1043,Transport,Main_St_Sector_7,2026-03-01 10:00,2026-03-01 16:00
1044,Electricity,Punawale_Malwadi,2026-03-01 09:00,2026-03-01 13:00
1045,Telecom,Main_St_Sector_7,2026-03-02 23:00,2026-03-03 01:00
1046,Transport,Aundh_Road_Hwy,2026-03-02 10:00,2026-03-02 17:00
1047,Water,Hinjewadi_Phase_1,2026-03-02 03:00,2026-03-02 10:00
1048,Transport,Punawale_Malwadi,2026-03-01 11:00,2026-03-01 19:00
1049,Transport,Punawale_Malwadi,2026-03-01 13:00,2026-03-01 20:00
1050,Transport,Aundh_Road_Hwy,2026-03-01 13:00,2026-03-01 19:00
1051,Transport,Wakad_Chowk,2026-03-03 03:00,2026-03-03 11:00
1052,Electricity,Hinjewadi_Phase_1,2026-03-01 08:00,2026-03-01 14:00
1053,Water,Aundh_Road_Hwy,2026-03-02 09:00,2026-03-02 13:00
1054,Transport,Aundh_Road_Hwy,2026-03-01 14:00,2026-03-01 18:00
1055,Water,Punawale_Malwadi,2026-03-01 11:00,2026-03-01 17:00
1056,Electricity,Aundh_Road_Hwy,2026-03-02 06:00,2026-03-02 14:00
1057,Transport,Main_St_Sector_7,2026-03-01 22:00,2026-03-02 01:00
1058,Transport,Wakad_Chowk,2026-03-01 18:00,2026-03-01 23:00
1059,Transport,Aundh_Road_Hwy,2026-03-02 10:00,2026-03-02 17:00
1060,Water,Wakad_Chowk,2026-03-03 02:00,2026-03-03 09:00
1061,Water,Aundh_Road_Hwy,2026-03-02 10:00,2026-03-02 16:00
1062,Electricity,Hinjewadi_Phase_1,2026-03-03 02:00,2026-03-03 10:00
1063,Transport,Aundh_Road_Hwy,2026-03-02 17:00,2026-03-02 21:00
1064,Transport,Main_St_Sector_7,2026-03-02 19:00,2026-03-03 00:00
1065,Transport,Punawale_Malwadi,2026-03-03 08:00,2026-03-03 12:00
1066,Water,Wakad_Chowk,2026-03-03 07:00,2026-03-03 14:00
1067,Electricity,Main_St_Sector_7,2026-03-02 05:00,2026-03-02 13:00
1068,Electricity,Main_St_Sector_7,2026-03-03 03:00,2026-03-03 09:00
1069,Telecom,Aundh_Road_Hwy,2026-03-02 01:00,2026-03-02 06:00
1070,Electricity,Punawale_Malwadi,2026-03-01 22:00,2026-03-02 02:00
1071,Water,Punawale_Malwadi,2026-03-01 19:00,2026-03-01 23:00
1072,Transport,Main_St_Sector_7,2026-03-01 12:00,2026-03-01 19:00
1073,Water,Aundh_Road_Hwy,2026-03-02 01:00,2026-03-02 07:00
1074,Transport,Wakad_Chowk,2026-03-01 23:00,2026-03-02 03:00
1075,Transport,Punawale_Malwadi,2026-03-03 01:00,2026-03-03 08:00
1076,Telecom,Wakad_Chowk,2026-03-03 02:00,2026-03-03 07:00
1077,Electricity,Wakad_Chowk,2026-03-01 13:00,2026-03-01 19:00
1078,Telecom,Wakad_Chowk,2026-03-02 09:00,2026-03-02 11:00
1079,Telecom,Main_St_Sector_7,2026-03-02 07:00,2026-03-02 10:00
1080,Electricity,Aundh_Road_Hwy,2026-03-01 09:00,2026-03-01 17:00
1081,Telecom,Punawale_Malwadi,2026-03-02 21:00,2026-03-03 00:00
1082,Telecom,Main_St_Sector_7,2026-03-03 07:00,2026-03-03 15:00
1083,Telecom,Aundh_Road_Hwy,2026-03-01 22:00,2026-03-02 00:00
1084,Telecom,Aundh_Road_Hwy,2026-03-01 19:00,2026-03-02 01:00
1085,Electricity,Wakad_Chowk,2026-03-01 17:00,2026-03-02 00:00
1086,Telecom,Punawale_Malwadi,2026-03-02 07:00,2026-03-02 14:00
1087,Electricity,Aundh_Road_Hwy,2026-03-03 01:00,2026-03-03 08:00
1088,Water,Aundh_Road_Hwy,2026-03-03 02:00,2026-03-03 04:00
1089,Transport,Aundh_Road_Hwy,2026-03-03 05:00,2026-03-03 13:00
1090,Electricity,Main_St_Sector_7,2026-03-01 09:00,2026-03-01 17:00
1091,Water,Aundh_Road_Hwy,2026-03-01 08:00,2026-03-01 13:00
1092,Water,Hinjewadi_Phase_1,2026-03-01 17:00,2026-03-01 22:00
1093,Electricity,Wakad_Chowk,2026-03-01 08:00,2026-03-01 15:00
1094,Transport,Main_St_Sector_7,2026-03-02 14:00,2026-03-02 19:00
1095,Transport,Wakad_Chowk,2026-03-02 18:00,2026-03-02 23:00
1096,Electricity,Punawale_Malwadi,2026-03-02 02:00,2026-03-02 06:00
1097,Transport,Punawale_Malwadi,2026-03-01 20:00,2026-03-02 02:00
1098,Electricity,Punawale_Malwadi,2026-03-02 09:00,2026-03-02 13:00
1099,Telecom,Aundh_Road_Hwy,2026-03-02 21:00,2026-03-03 05:00
